{
  "extends": "tslint:recommended",
  "rules": {
    "quotemark": [
      true,
      "single",
      "avoid-escape"
    ],
    "member-access": false,
    "whitespace": [
      true,
      "check-branch",
      "check-decl",
      "check-operator",
      "check-separator",
      "check-type",
      "check-preblock"
    ],
    "no-string-literal": false,
    "interface-name": false,
    "variable-name": [true, "ban-keywords", "check-format", "allow-leading-underscore"],
    "trailing-comma": [false],
    "object-literal-sort-keys": false,
    "no-trailing-whitespace": false,
    "only-arrow-functions": false,
    "no-namespace": false,
    "ordered-imports": false,
    "comment-format": false,
    "arrow-parens": false,
    "no-console": false,
    "no-angle-bracket-type-assertion": false,
    "import-spacing": false,
    "prefer-const": false,
    "max-line-length": [true, 140],
    "no-bitwise": false
  }
}