{
  "listings": [
    {
      "id": 150,
      "userId": 2,
      "title": "Dawn at Miami",
      "description": "Walking down the road in Miami",
      "price": "150",
      "status": "Active"
    },
    {
      "id": 151,
      "userId": 2,
      "title": "Sunrise in New York",
      "description": "Welcome to New York City123",
      "price": 167,
      "status": "Active"
    },
    {
      "id": 153,
      "userId": 3,
      "title": "Sunset in California",
      "description": "Summer of 69 and sunset in California",
      "price": "134",
      "status": "Active"
    },
    {
      "id": 154,
      "userId": 2,
      "title": "Breakfast in California",
      "description": "Eggs and Cheese is my favorite",
      "price": "20",
      "status": "Active"
    },
    {
      "id": 155,
      "userId": 2,
      "title": "An Evening in Honk Kong",
      "description": "Hong Kong is a beautiful place",
      "price": "320",
      "status": "Inactive"
    },
    {
      "id": 152,
      "userId": 1,
      "title": "Welcome to Times Square",
      "description": "Welcome to New York City123",
      "price": 400,
      "status": true
    },
    {
      "id": 160,
      "userId": 1,
      "title": "Sunrise in New York",
      "description": "Welcome to New York City123",
      "price": 676,
      "status": "VALID"
    },
    {
      "id": 167,
      "userId": 1,
      "title": "Development to vNext",
      "description": "Code is Poetry",
      "price": 767,
      "status": "VALID"
    }
  ],
  "users": [
    {
      "id": 1,
      "username": "andrew",
      "userEmail": "andrew@localhost.com"
    },
    {
      "id": 2,
      "username": "stacy",
      "userEmail": "stacy@localhost.com"
    },
    {
      "id": 3,
      "username": "linda",
      "userEmail": "linda@localhost.com"
    },
    {
      "id": 4,
      "username": "shane",
      "userEmail": "shane@localhost.com"
    }
  ],
  "cities": [
    {
      "id": 1,
      "name": "New York"
    },
    {
      "id": 1,
      "name": "California"
    },
    {
      "id": 1,
      "name": "Miami"
    }
  ]
}