[{
	"id": 1,
	"make": "Harley Davidson",
	"model": "XL1200 Nightster",
	"year": "2009",
	"mods": "Nobis vero sint non eius. Laboriosam sed odit hic quia doloribus. Numquam laboriosam numquam quas quis.",
	"picture": "https://placeimg.com/640/480/nature"
}, {
	"id": 2,
	"make": "Harley Davidson",
	"model": "Blackline",
	"year": "2008",
	"mods": "Nobis vero sint non eius. Laboriosam sed odit hic quia doloribus. Numquam laboriosam numquam quas quis.",
	"picture": "https://placeimg.com/640/480/nature"
}, {
	"id": 3,
	"make": "Harley Davidson",
	"model": "Dyna Switchback",
	"year": "2009",
	"mods": "Nobis vero sint non eius. Laboriosam sed odit hic quia doloribus. Numquam laboriosam numquam quas quis.",
	"picture": "https://placeimg.com/640/480/nature"
}, {
	"id": 4,
	"make": "Harley Davidson",
	"model": "Dyna Super Glide",
	"year": "2009",
	"mods": "Nobis vero sint non eius. Laboriosam sed odit hic quia doloribus. Numquam laboriosam numquam quas quis.",
	"picture": "https://placeimg.com/640/480/nature"
},{
	"id": 5,
	"make": "Harley Davidson",
	"model": "Dyna Wild Glide",
	"year": "2005",
	"mods": "Nobis vero sint non eius. Laboriosam sed odit hic quia doloribus. Numquam laboriosam numquam quas quis.",
	"picture": "https://placeimg.com/640/480/nature"
}]