[{
	"id": 1,
	"make": "Harley Davidson",
	"model": "XL1200 Nightster",
	"year": "2009",
	"mods": "Nobis vero sint non eius. Laboriosam sed odit hic quia doloribus. Numquam laboriosam numquam quas quis.",
	"picture": "https://placeimg.com/640/480/nature",
	"user_id": 2,
	"builder_id": 1
}, {
	"id": 2,
	"make": "Harley Davidson",
	"model": "Blackline",
	"year": "2008",
	"mods": "Nobis vero sint non eius. Laboriosam sed odit hic quia doloribus. Numquam laboriosam numquam quas quis.",
	"picture": "https://placeimg.com/640/480/nature",
	"user_id": 1,
	"builder_id": 2
}, {
	"id": 3,
	"make": "Harley Davidson",
	"model": "Dyna Switchback",
	"year": "2009",
	"mods": "Nobis vero sint non eius. Laboriosam sed odit hic quia doloribus. Numquam laboriosam numquam quas quis.",
	"picture": "https://placeimg.com/640/480/nature",
	"user_id": 2,
	"builder_id": 3
}, {
	"id": 4,
	"make": "Harley Davidson",
	"model": "Dyna Super Glide",
	"year": "2009",
	"mods": "Nobis vero sint non eius. Laboriosam sed odit hic quia doloribus. Numquam laboriosam numquam quas quis.",
	"picture": "https://placeimg.com/640/480/nature",
	"user_id": 4,
	"builder_id": 4
},{
	"id": 5,
	"make": "Harley Davidson",
	"model": "Dyna Wild Glide",
	"year": "2005",
	"mods": "Nobis vero sint non eius. Laboriosam sed odit hic quia doloribus. Numquam laboriosam numquam quas quis.",
	"picture": "https://placeimg.com/640/480/nature",
	"user_id": 5,
	"builder_id": 5
}]